zip,region,dog_patients,dog_enet_predictions,total_popE,median_incomeE,median_ageE,median_rentE,pct_seniors_65p,pct_poverty,pct_bach_plus,pct_renter,pct_white,pct_hispanic,pct_non_english,pct_unemployed
75001,DFW,20,38.96616947300446,16633,77598,33.8,1620,0.09138459688570913,0.08461909353905496,0.5592464436755095,0.8451095670764297,0.5557025190885589,0.27192929718030423,0.2932628797886394,0.032819166393173616
75002,DFW,26,96.51861785903994,72679,119301,38.8,1827,0.1085595564055642,0.05380657297775811,0.5019171861277124,0.20900972240552548,0.6289849887863069,0.1292257736072318,0.224300154388418,0.0458516439879282
75006,DFW,72,103.51939970598573,48062,79672,36.2,1453,0.13771794765095086,0.07917575046117727,0.324713514824471,0.4827754042507166,0.6497440805626067,0.4827098331322042,0.5020825948245303,0.03721044849679645
75007,DFW,35,76.24059681726045,54498,105969,40.6,1479,0.13543616279496495,0.0760514233241506,0.41652293463317086,0.3154685176003966,0.5563139931740614,0.27509266395097065,0.3479207240233704,0.036046994600367886
75009,DFW,24,15.328676775981933,28109,153658,37.1,1806,0.13301789462449748,0.053329047006715244,0.4864131938679506,0.09580345597743035,0.747518588352485,0.16617453484649045,0.16634355874862206,0.049350465970064955
75010,DFW,31,27.284034533716387,31609,98567,38.1,1685,0.10231263247809168,0.05724087544868333,0.5094947735191637,0.5119689283449588,0.473377835426619,0.14786927773735328,0.343441466854725,0.04127299850820487
75013,DFW,11,18.31959105218256,46649,149549,38.6,1681,0.09983065017470899,0.03743683474895172,0.5997813364203486,0.34808597995411183,0.550579862376471,0.0916632725245986,0.3465619124362074,0.03417145415205551
75019,DFW,36,32.121744093841386,44706,136679,38.9,1698,0.0945734353330649,0.0280472232800914,0.6717333333333333,0.3465697571352597,0.5423433096228694,0.13995884221357313,0.39493797471368364,0.018155381773882973
75020,DFW,5,8.583403418915386,24486,64734,40.2,1055,0.1923956546598056,0.16359773371104816,0.19432728161868085,0.39099800189294354,0.8176100628930818,0.10695907865719187,0.058457220541156873,0.05537844976773841
75021,DFW,0,3.0778855445922613,8925,61198,43.4,758,0.2038095238095238,0.145415634151836,0.16136724960254373,0.18766676549066114,0.8875070028011205,0.09837535014005602,0.07771260997067453,0.03968631178707224
75022,DFW,5,11.085188738260122,27000,179892,41.5,1918,0.10151851851851852,0.0557333134905871,0.6520990064894044,0.14774615129028684,0.7138888888888889,0.13548148148148148,0.24137255670022328,0.03185422172763945
75023,DFW,32,53.44967184302987,49376,101246,38.6,1789,0.1509437783538561,0.07450246986359849,0.5156811452554115,0.37456540634506735,0.6464679196370706,0.15596646143875567,0.27275847275847276,0.04226624956551964
75024,DFW,25,26.564452616325493,43520,114623,36.8,1748,0.08802849264705882,0.04312171749746614,0.6635099141757916,0.6136756907619313,0.4397288602941177,0.07706801470588236,0.41668280871670704,0.046150278293135436
75025,DFW,28,37.332967885760894,54201,134740,40.2,1856,0.10608660356819985,0.048906523945741444,0.6227697066784511,0.3327925589444084,0.4514123355657645,0.09914946218704453,0.42205160183958224,0.05645675902602855
75028,DFW,15,33.36946812362296,47751,143712,43.1,2081,0.12353667986010765,0.03338299166998888,0.6066174226237715,0.1884049643760055,0.7445707943289146,0.10634332265292873,0.16641121086052113,0.0414327917282127
75032,DFW,129,22.58110878726414,36514,132756,39,1871,0.12047433860984828,0.019197881613063385,0.45610848259547143,0.19042579174468777,0.7769896478063208,0.1692501506271567,0.15160001166827108,0.028412343237758236
75033,DFW,30,31.660167144999207,47416,165218,36.6,1942,0.06613801248523705,0.018259411027834987,0.6253849148762963,0.2681824225501928,0.6311793487430403,0.13740087734098194,0.19922496248012012,0.04604739939557818
75034,DFW,38,53.622864970008465,48749,104323,35.4,1613,0.09282241687008964,0.04741645085707239,0.6319942179124255,0.5911379657603223,0.5968942952675952,0.14589017210609448,0.26295114699307676,0.030278120290450745
75035,DFW,23,133.50870889213869,83930,154811,37.8,2064,0.07995949005123316,0.030819625095638868,0.6467112365296112,0.24179049034175334,0.4445013701894436,0.12539020612415108,0.3995333324879212,0.04170154645988457
75038,DFW,61,29.225839345527156,32559,69678,32.2,1373,0.07623084247059185,0.11894327510647491,0.43563151012310053,0.7943277923592884,0.3024970054362849,0.17617248686998987,0.5072389712144438,0.03653797628059551
75039,DFW,39,26.825566128070967,21795,100474,32.7,1765,0.057169075476026614,0.06328300674590427,0.7256086828982106,0.8474261454095171,0.3963753154393209,0.15329203945859143,0.4546624430805781,0.028147659854976928
75040,DFW,275,283.5865041746706,63143,70592,36,1494,0.1298956337202857,0.11479973276492858,0.20824513905980802,0.31327883560961023,0.437689055002138,0.49403734380691444,0.5572023230051362,0.04566401340594889
75041,DFW,142,176.84059607452522,31344,62744,30.6,1266,0.10292240939254722,0.16101667787061044,0.13073144104803494,0.41036184210526316,0.4777628892291986,0.7096733027054619,0.6797322807619701,0.04019442886520845
75042,DFW,119,98.42023094756465,37925,60118,32.9,1239,0.0994067237969677,0.14651685393258426,0.16955684007707128,0.4128672304071136,0.4179564930784443,0.5299406723796968,0.6581249299091623,0.049767921609076844
75043,DFW,285,170.80157836398138,64296,72079,35.3,1399,0.12751959686450168,0.1062250499001996,0.2160793058315963,0.4026150912557886,0.433541744432002,0.3512815727261416,0.3861197903751096,0.06405066219420508
75044,DFW,99,80.02583638102053,47010,84016,36.1,1625,0.14437353754520316,0.08630595095180929,0.38110697348738026,0.3844837072812863,0.4444586258242927,0.263348223782174,0.433307421464173,0.05206866364709017
75048,DFW,60,11.825278591147018,28210,126792,40.4,1677,0.1250620347394541,0.020245071923281833,0.4232403856121074,0.11732647814910026,0.5697624955689472,0.09712867777383906,0.26564766261296446,0.050729040097205344
75050,DFW,111,183.46299858295868,43856,68421,31.8,1334,0.11029277635899307,0.14319076838538328,0.20310995399265308,0.5676261219436707,0.46062112367749,0.5636400948558921,0.5087659241509157,0.0511993549687563
75051,DFW,140,281.4338322130143,40166,49485,31.4,1144,0.1089976597121944,0.19232691827043238,0.11893062380278172,0.5324303987960873,0.4358910521336454,0.697331076034457,0.617840851495185,0.053708968725768934
75052,DFW,289,970.2458459692108,94636,84055,34.8,1611,0.1029523648505854,0.08015388528551444,0.2959245030900284,0.33349464447025423,0.35298406526057735,0.3944482015300731,0.380757225303721,0.053130267976515724
75054,DFW,45,28.60918588879354,17261,154412,36.5,1738,0.06540756618967615,0.036513272284687606,0.5554068266564681,0.0744788504351346,0.3808585829326227,0.1528880134407045,0.20420420420420415,0.023511870627365525
75056,DFW,76,108.43737311780632,65785,111589,36.6,1679,0.08441133997111804,0.07281302297276739,0.5153895004233701,0.40311702168197233,0.5731245724709281,0.19375237516151098,0.2559335313897685,0.03873796176512865
75057,DFW,12,46.6131053258046,17280,73935,31.3,1483,0.07505787037037037,0.16790238776344213,0.2821296296296296,0.6155248367005924,0.6105324074074074,0.4376157407407407,0.36465139884539743,0.03145358306188925
75058,DFW,2,6.624630220071974,3801,113194,34.7,1403,0.0897132333596422,0.04104183109707971,0.428322440087146,0.16795201371036847,0.797947908445146,0.1699552749276506,0.146095717884131,0.030784508440913606
75060,DFW,259,364.09884520907895,48997,67479,33,1320,0.11245586464477417,0.13224693173232044,0.19135698102999357,0.3586387434554974,0.43882278506847355,0.6890830050819438,0.6623176769704269,0.04864620567812975
75061,DFW,170,344.0305388097851,56319,58236,31.9,1196,0.08718194570216091,0.1510069519099835,0.1591168299458985,0.6046959405252179,0.43855537207691897,0.7054990322981587,0.697122149617379,0.046247331253079324
75062,DFW,136,172.34854669644093,52772,68692,31.1,1306,0.08207003714090806,0.07323758783105552,0.32758245515869316,0.5896971412397396,0.4170014401576594,0.4959069203365421,0.611117943672365,0.039594083247334023
75063,DFW,46,37.13433196960064,44570,106909,33.8,1562,0.06264303343055867,0.06978836335829791,0.7056610112548295,0.6268503171972338,0.22023782813551718,0.07240296163338568,0.5789228086548617,0.03824170401743493
75065,DFW,6,12.249693372932496,12787,95403,39.1,1594,0.09548760459842028,0.02978289834626538,0.3384118190212373,0.25871717606543265,0.8282630796903104,0.27019629311019006,0.2078651685393258,0.026796894565489608
75067,DFW,50,138.55271493683102,67117,75224,34.2,1425,0.08871075882414292,0.0776041588638032,0.33938742611499195,0.6292753194947182,0.5425004097322585,0.32267532815829075,0.35931786609609273,0.03813282328160182
75068,DFW,69,154.45117508031595,68074,119464,35.3,2062,0.07860563504421658,0.06750117674747,0.42201121153186133,0.1791326789252961,0.5262214648764579,0.2186737961629991,0.28382264639888755,0.04616473406282323
75069,DFW,28,53.26733243993436,39048,74967,39.3,1438,0.1819555418971522,0.14825438664495955,0.34943083822007587,0.4726749132796649,0.7413952059004303,0.30805675066584715,0.29429590495856683,0.02235006618470624
75070,DFW,26,70.1404574799882,57516,101188,36,1712,0.0913832672647611,0.043464638200839005,0.557378833646284,0.45597745750184776,0.5803080881841575,0.1324848737742541,0.25221444355722267,0.041846286488483805
75071,DFW,48,79.54129275506197,66298,124763,37.6,1946,0.1102446529307068,0.05688590480003696,0.4760641339402118,0.24052418437457343,0.6462940058523635,0.16163383510814805,0.24382076997735358,0.040537410238591615
75074,DFW,56,125.41270708880441,51443,78441,34.5,1544,0.10565091460451373,0.12398921832884097,0.4064720281807869,0.470215251126314,0.5296347413642284,0.35310926656687985,0.4559596253297057,0.0410484668644906
75075,DFW,36,25.733216324439404,37032,89081,41.7,1561,0.20884640311082306,0.05937177327319167,0.4857994781960492,0.40308219178082194,0.696100669691078,0.1433895009721322,0.2770486190367496,0.042843987786555515
75076,DFW,0,2.0549368715299203,8536,71910,47.3,1378,0.19634489222118087,0.041237113402061855,0.18309424649082215,0.20810096859407104,0.8938612933458294,0.04076850984067479,0.0484340859431901,0.052542730533867904
75078,DFW,19,21.673611434184675,40513,178254,35.7,2089,0.07886357465504899,0.026490888326133374,0.6371756185878092,0.10224418020432088,0.6873842963986868,0.10280650655345198,0.18641377668439008,0.042505054394916725
75080,DFW,60,119.88058661427829,52184,86341,31.6,1708,0.12216388164954775,0.1457315320494395,0.5432196418401569,0.4686234285413708,0.6253640962747202,0.21251724666564464,0.2792042657916325,0.04748672130570896
75081,DFW,81,29.859852424989388,36493,88161,35.6,1646,0.1359438796481517,0.0956426116838488,0.428060522696011,0.4907533023920029,0.5617789713095662,0.1802811498095525,0.3758575433991529,0.04063553201733269
75082,DFW,35,16.62677059384628,29386,108869,37.9,1813,0.12233716735860614,0.06139782378824573,0.6359665427509293,0.4986047275114905,0.5624106717484516,0.08749064180221874,0.37531397035412317,0.06435351531077385
75087,DFW,159,31.53314014703045,40201,124583,39,1556,0.14758339344792418,0.03205532698957571,0.4804325632396869,0.1756956674885523,0.7670704708838089,0.16987139623392453,0.10546771720162873,0.03992640294388224
75088,DFW,111,28.83303504104256,27143,101995,39.5,1899,0.1443834506134178,0.07342787140841933,0.33367983367983367,0.2190988011575031,0.6788859006005231,0.2011199941052942,0.17685709789109227,0.03620656799847551
75089,DFW,146,39.350429297530255,34974,119332,37.8,1724,0.09266883970949849,0.07599931377594785,0.4013489285409374,0.20353748680042238,0.5008577800651913,0.221850517527306,0.2949576761463979,0.04406676165275799
75090,DFW,3,24.270144584454524,25788,56323,34.6,992,0.1359547076159454,0.15315724308708212,0.13114250614250614,0.3710837781387793,0.6837676438653637,0.33065767023421744,0.2949664429530201,0.04893194237456532
75092,DFW,5,10.480949275010556,26588,62741,41.3,1143,0.19629156010230178,0.08634949540936337,0.2898263293310463,0.4480944990515606,0.8082969760794343,0.08917556792537987,0.08415130476418486,0.02707957228162755
75093,DFW,29,33.380623063045334,47069,121360,42.8,1698,0.1797361320614417,0.05746045318512185,0.67191964672266,0.41134788189987165,0.6251248167583761,0.0930761222885551,0.3078926102181916,0.03584598913517586
75094,DFW,18,9.615812328063669,23370,152461,39.5,2454,0.10278134360290972,0.04347266329070466,0.5168272688048324,0.08928571428571429,0.47402652973898163,0.02879760376551134,0.3861289173789174,0.047849841381741275
75098,DFW,152,81.07582937440351,65655,112198,35,1844,0.089284898332191,0.05176524530032096,0.40027785225084694,0.21257038356032532,0.6248724392658594,0.18221003731627447,0.27453886693017127,0.03472090566855347
75104,DFW,127,173.8112149686688,49291,84760,35.3,1677,0.1110547564464101,0.09735042030657656,0.275520030816641,0.2937192118226601,0.3166298107159522,0.2620762410987807,0.22443132862312598,0.06769289974985569
75115,DFW,121,210.87480332213136,56012,81895,41.2,1414,0.15371706062986504,0.08179280846744962,0.29025060966118404,0.29815458416956286,0.17831893165750196,0.18469256587874028,0.14414329394888825,0.0775578095952513
75116,DFW,104,96.18737481729703,20145,57245,36,1339,0.16515264333581534,0.09342092066994283,0.19157619157619157,0.39148689735051395,0.42040208488458675,0.4664184661206255,0.34454792800334866,0.09402156842215474
75125,DFW,117,67.98184849766132,6920,63684,38.7,1098,0.13901734104046243,0.15911409004808394,0.11100853911839373,0.2345050878815911,0.49248554913294795,0.6232658959537573,0.50877480728227,0.04007455731593663
75126,DFW,1033,140.3914635751602,67852,101456,32.1,1786,0.06580498732535518,0.07376115295266561,0.32791058526887457,0.19673902828681514,0.5812208925308023,0.2116665684136061,0.1909640685817222,0.04804829191705917
75134,DFW,91,100.92302819012376,20179,65114,31,1483,0.0940086228257099,0.10301820902968321,0.20250881364269901,0.2512775587677033,0.171267158927598,0.24991327617820505,0.23984855136084282,0.04321775856988508
75137,DFW,77,87.29796640223186,20013,81160,39.2,1727,0.15180132913606156,0.10957877379703193,0.27298850574712646,0.3203797092850786,0.38899715185129663,0.3773047519112577,0.31904174928988693,0.05912543625538904
75141,DFW,33,81.23229567669843,4510,45213,26.4,1440,0.0647450110864745,0.23809523809523808,0.08329862557267805,0.5312735493594575,0.26518847006651886,0.46895787139689576,0.4402324993682082,0.0401985111662531
75146,DFW,95,78.67989852541942,24089,68001,33.4,1502,0.08742579600647599,0.19117023981018558,0.2246704967894559,0.4152831743789003,0.1898376852505293,0.18904894350118312,0.15739465711925094,0.08773545416492257
75149,DFW,467,243.38177210111445,59371,64858,33.6,1314,0.10976739485607452,0.1326966787664959,0.12188524590163935,0.3482800363159487,0.4646544609321049,0.4697579626416938,0.3986910379490517,0.042905271502179945
75150,DFW,310,224.9367469391742,63895,66265,34.1,1322,0.13163784333672432,0.11240749488269564,0.1819685078236833,0.499934586367799,0.4896157758823069,0.4752797558494405,0.4503765465303927,0.05332797566085933
75152,DFW,95,13.800134683110818,5859,81772,35.2,1461,0.08619218296637651,0.09967460181537935,0.17914951989026062,0.20637408568443052,0.7977470558115719,0.3504010923365762,0.2100251527128998,0.05042290175666884
75154,DFW,307,84.81715812439548,48510,95035,36.8,1362,0.11364667078952793,0.09550898822945326,0.28689320388349515,0.1503701319600901,0.5110904968047825,0.24131106988249845,0.18024799736639963,0.056275192736664974
75159,DFW,642,53.10487105318275,22751,69301,35.9,1219,0.13129093226671354,0.1297838540413036,0.13492822966507176,0.2037409182253826,0.5795349654960221,0.47633071073798955,0.3939163136097491,0.07112157183790421
75165,DFW,451,62.82080750274486,48970,83970,33.9,1371,0.14090259342454564,0.08753883617432194,0.26915501905972045,0.3483508114125022,0.6834388401061875,0.2501939963242802,0.16145054945054949,0.035902516346344365
75167,DFW,109,13.64653663523033,13421,117254,37.5,1862,0.09239251918634975,0.03149076221108535,0.3247599451303155,0.09770114942528736,0.7325832650324119,0.1978243051933537,0.11457200559266734,0.042862760519071966
75172,DFW,33,31.90212231305555,5378,63003,34.4,1199,0.1216065451840833,0.1851055512118843,0.06273381294964028,0.3527746319365798,0.41595388620304946,0.47954629973968016,0.4685798072894847,0.06334841628959276
75181,DFW,223,61.760936572447584,27980,107734,31.2,1463,0.08473909935668335,0.07922509758565852,0.20647673196959396,0.10464092566972708,0.3737312365975697,0.36812008577555394,0.3748112232731897,0.02979117668020811
75182,DFW,31,2.9378061070613293,7873,152632,43.1,999,0.1455607773402769,0.0723993395147974,0.5765326044513862,0.15472560975609756,0.6048520259113426,0.06668360218468182,0.2209792050539615,0.058563792702765516
75189,DFW,343,31.83186014004567,38261,114068,35.4,1732,0.08977810302919421,0.05053735255570118,0.2733220256845166,0.10047217276879016,0.723007762473537,0.24259690023784009,0.1790805115781171,0.03810923340680872
75201,DFW,77,23.969319450833613,17985,102891,31.7,1923,0.062329719210453154,0.15589332442514336,0.6715616289346659,0.8858780614903595,0.6892966360856269,0.1421740339171532,0.15880697805289812,0.03276089828269485
75202,DFW,12,18.28651499787139,2421,113843,33.4,2002,0.08798017348203221,0.051174496644295304,0.6665103189493433,0.7230671736375158,0.7026022304832714,0.20487401900041305,0.17092924126172204,0.014300306435137897
75203,DFW,84,81.19741817207672,16265,43376,33.3,1070,0.11374116200430372,0.2999815168504713,0.17367958605877185,0.6420051579626048,0.43867199508146326,0.5547494620350446,0.5126190317640008,0.09482196426242337
75204,DFW,116,54.29091288512072,31627,88142,30.9,1736,0.05147500553324691,0.12467120900015845,0.6787649191413092,0.7956616276661834,0.6545989186454612,0.2036867233692731,0.23467720857292207,0.049753056432677516
75205,DFW,23,14.04651425814811,25212,180698,33.1,2203,0.11649214659685864,0.08337828119381517,0.8026854649211145,0.40320832430088877,0.8381722989052832,0.09201967317150563,0.12454394693200666,0.04773610340179209
75206,DFW,107,59.66897629009726,38432,84784,30.9,1610,0.07022793505412156,0.1156842685134178,0.7171748599875545,0.7159549311448046,0.6989487926727727,0.15029142381348876,0.2072390385043401,0.0383021294840646
75207,DFW,18,11.985355456860272,8029,88655,32.6,1807,0.021048698468053306,0.11114764879973693,0.3053943083675492,0.9897216274089936,0.4638186573670445,0.23875949682401296,0.2494706688255075,0.03796586555207245
75208,DFW,192,161.5534524439768,29992,75699,35.5,1408,0.12476660442784743,0.11975987658461332,0.3752913752913753,0.44625380376675716,0.641004267804748,0.5826887169911976,0.44523005487547485,0.042546119328569054
75209,DFW,17,15.667413396871108,14208,116477,39.7,1715,0.14660754504504506,0.03775191598069827,0.6847200657594301,0.38057159780838146,0.7687218468468469,0.12887105855855857,0.18028190360715368,0.023937693276829687
75210,DFW,57,57.62279636003113,8750,26822,26.6,910,0.10765714285714285,0.2688,0.04957414282594453,0.7079677079677079,0.27554285714285714,0.4417142857142857,0.39580814187827484,0.09296028880866426
75211,DFW,431,903.0664725812593,73948,53614,31.1,1129,0.09920484664899659,0.20195112419924355,0.12686952037132543,0.46734847478638153,0.5227592362200465,0.7859036079407151,0.6923512336719884,0.06651723171756795
75212,DFW,215,198.04641146108298,27045,47089,30.6,1022,0.10419670918838972,0.23258938568336196,0.14093830334190233,0.45554100702297345,0.4301719356627842,0.6801996672212979,0.5988811303034015,0.07375968353387176
75214,DFW,79,31.062202469092355,34015,115304,37.1,1453,0.11950610024988975,0.056462324016410374,0.6738011269204265,0.43719963631640474,0.7979126855798913,0.17060120535058063,0.14999682680713333,0.03717100566369997
75215,DFW,137,54.30890269099882,18950,39486,35,1111,0.10680738786279684,0.2777896651331978,0.17202819868730249,0.6933115823817292,0.21234828496042216,0.22675461741424802,0.2530351798520526,0.06005907449950771
75216,DFW,428,491.43529828313535,55085,33889,33.5,1079,0.13551783607152582,0.3173291811687122,0.08279181708784597,0.4525458031529612,0.2418262684941454,0.4582917309612417,0.40803477447273007,0.06771153937212936
75217,DFW,1777,1508.0868374492952,87154,49841,27.7,1114,0.07430525277095716,0.2666260825618525,0.05288027836247262,0.41612200435729846,0.4510751084287583,0.7512334488376896,0.6957015000630278,0.039716189322488535
75218,DFW,80,36.76800070571652,21393,104026,41.2,1499,0.17089702239050156,0.05516172949626778,0.5984208253654926,0.35052410901467507,0.7843687187397747,0.2831299957930164,0.23613336003203844,0.015279866993903888
75219,DFW,140,41.20864941405141,24797,86826,33.8,1672,0.10118159454772754,0.09112661205288344,0.6928513052257103,0.6868619348565873,0.6433439528975279,0.19034560632334557,0.2860603572161774,0.03642693826647267
75220,DFW,59,162.64501512156087,40327,56849,31.1,1085,0.07682198031095792,0.20044036329972226,0.2035053554040896,0.6929501698754247,0.4775212636695018,0.6991841694150321,0.7374131944444444,0.05101349826192948
75223,DFW,115,60.52212844804247,13174,66875,35.6,1286,0.10740853195688477,0.14627659574468085,0.23984638659373908,0.5165252344796785,0.5633824199180203,0.6555336268407469,0.6267938747695021,0.07463690155997849
75224,DFW,198,188.86067527376323,35903,50061,32.7,1113,0.1108263933376041,0.18608281068195362,0.14123479044614692,0.4778224083411674,0.4655878338857477,0.6369941230537838,0.5655372000482335,0.06585335491099216
75226,DFW,28,14.930993378270625,5108,67612,32,1590,0.056186374314800315,0.2259653270291568,0.3326923076923077,0.9391866210566324,0.5648003132341425,0.3065779169929522,0.3733018310691081,0.04026475455046884
75227,DFW,1039,467.78148168130105,58315,54743,32.4,1183,0.09256623510246077,0.1635656233788691,0.12356469580119965,0.43006508055051745,0.37340306953613994,0.6242133241876018,0.5661036906207455,0.04384959514918475
75228,DFW,771,431.596394879565,68472,55848,30.8,1144,0.09866806869961445,0.20742197821555444,0.1827544328394462,0.5173855451610233,0.4784437434279706,0.562521906764809,0.5233804072664745,0.056155573084157515
75229,DFW,33,40.799487203401036,32885,117083,37.4,1424,0.11193553291774365,0.08962235373070587,0.47754266211604096,0.3048418108722251,0.6538239318838376,0.38801885358065985,0.4459052851909995,0.051387461459403906
75230,DFW,29,16.04223440152205,26503,109589,47.6,1291,0.2548390748217183,0.05028844694094428,0.6276126279035934,0.3893947509373326,0.7802890238840886,0.11542089574765121,0.17038950715421308,0.020016738736225417
75231,DFW,77,87.05642955998235,39158,50603,31.7,1141,0.0946677562694724,0.18226664600444237,0.3366161421866585,0.8304711332052875,0.38089279329894277,0.3574748454977272,0.4789557805007991,0.04074585635359116
75232,DFW,149,295.5034869481688,33333,52739,41,1212,0.2029820298202982,0.22392269835553955,0.19336613814470566,0.32326899238533735,0.24021240212402123,0.43524435244352444,0.3528948280752624,0.04253538804825326
75233,DFW,83,129.52448469841025,15876,61750,32.1,1197,0.11778785588309398,0.2683921968634451,0.20782448935480385,0.46205032231233106,0.41622574955908287,0.5796800201562107,0.5044836956521739,0.048071625344352616
75234,DFW,61,96.87110900244781,33838,85105,33.9,1623,0.12766711980613513,0.08645395775612953,0.36661765361137105,0.41982100336645045,0.6424729593947632,0.5162834682900881,0.5324068224889451,0.03411929263662704
75235,DFW,77,47.72947285282089,18936,57744,31,1526,0.06606463878326996,0.18723267750213857,0.34104443426477327,0.7875112309074573,0.5794254330376003,0.46472327841149136,0.5011285407967498,0.07835505161617871
75236,DFW,71,103.25029136481024,18249,45739,30,1182,0.09036111567757138,0.18762671927228888,0.18967441860465117,0.6642952423299244,0.2718505123568415,0.4462162310263576,0.38545540404934775,0.0764838952924701
75237,DFW,38,70.64078441547035,19530,38552,28,1141,0.053609831029185866,0.28867681196801653,0.1655882620978766,0.8722201281568036,0.08965693804403482,0.18018433179723503,0.1586516336861482,0.05756751099016119
75238,DFW,94,53.55602994741387,32180,71352,35.8,1194,0.1266625233064015,0.09680651221039449,0.4965051258154706,0.5003051571559353,0.6008390304536979,0.22846488502175263,0.25611263736263734,0.024071991001124858
75240,DFW,41,162.95714812915955,26058,51607,31.2,1247,0.07421904981195794,0.2030852294639414,0.31244533300012495,0.7632431402439024,0.32500575638959245,0.5848875585232942,0.602188091731538,0.08358148348673525
75241,DFW,192,161.51673077991848,33081,45356,34.4,1152,0.13602974517094404,0.24707104144354655,0.11968625932022853,0.3506727307182111,0.15912457301774433,0.2623258063541005,0.2324778676212087,0.05247450882864959
75243,DFW,103,119.4094913183257,63047,47319,34.2,1162,0.10163846019636144,0.1943289526085225,0.32026112646526256,0.7397165697674418,0.2964613700889812,0.211048900026964,0.4303200856324022,0.06636766208697627
75244,DFW,11,22.513330691039062,12734,109440,37.8,1749,0.15297628396419036,0.044537285196279364,0.6577659574468085,0.48672720922109675,0.6565886602795665,0.19224124391393121,0.2496272983269836,0.04696063776781265
75246,DFW,7,16.92231954346628,2265,42429,40.4,980,0.15673289183222958,0.2946750902527076,0.2185466377440347,0.8429027113237639,0.5350993377483444,0.3236203090507726,0.34995383194829177,0.0030188679245283017
75247,DFW,4,21.747226701157032,992,18750,58.7,1233,0.32056451612903225,0.7321613236814891,0.11928651059085842,1,0.38306451612903225,0.23387096774193547,0.15927419354838712,0.25077399380804954
75248,DFW,55,48.411070769046695,37282,98584,40,1523,0.1804624215439086,0.04444743210540468,0.6170406196588967,0.4668381077686741,0.6801941955903653,0.1676143983691862,0.1837748814493001,0.03607412738395106
75249,DFW,48,164.56593090826075,17853,79162,30.5,1788,0.085867921357755,0.08881781967121136,0.2792894935752079,0.2803291236127057,0.2335181762168823,0.3905226012434885,0.31746229589928954,0.052041371801850846
75251,DFW,7,20.575452851152484,3801,85294,31.7,1660,0.08787161273349119,0.04946066824519863,0.6132941608520015,1,0.47382267824256774,0.14627729544856616,0.170054945054945,0.011603375527426161
75252,DFW,27,32.86941715047722,27541,77147,38.1,1240,0.1743945390508696,0.14005755290860744,0.6100851212106128,0.5433145755726401,0.559057405322973,0.14509277077811264,0.3154484088717454,0.059030837004405284
75253,DFW,501,162.56477154608254,24411,51642,25.6,1330,0.05509811150710745,0.21851090086384203,0.08991583036581417,0.322884012539185,0.5274261603375527,0.6956699848428987,0.6573649680956233,0.036786855317206754
75254,DFW,40,77.46106486396181,24316,70901,30.8,1398,0.08804902122059549,0.1632805373579899,0.48317802250998426,0.7798165137614679,0.44962164829741735,0.3343888797499589,0.35265502818694305,0.04475299076427199
75287,DFW,61,136.13490998738317,52240,60256,34.1,1286,0.09615237366003063,0.13433607970875647,0.4609352760021739,0.7682621529723872,0.47036753445635526,0.28625574272588056,0.3373244913831921,0.044596810254881505
76001,DFW,50,59.152476664544935,38010,101311,34.3,1743,0.10684030518284662,0.09096739711384287,0.41311867446726735,0.222096858184343,0.528282031044462,0.20549855301236516,0.26981732864085806,0.048118126903815374
76002,DFW,53,51.807400707296786,33076,102369,32.7,2009,0.052636352642399326,0.07071655809725799,0.341713267679517,0.16427232979387882,0.35418430281775304,0.2148385536340549,0.38218428254919845,0.07579203469614429
76006,DFW,30,37.13951185166064,24072,56312,32.9,1264,0.08860917248255235,0.08731247142916511,0.3501082251082251,0.7597982470646601,0.38463775340644735,0.23134762379528082,0.3022472408137937,0.0534610630407911
76010,DFW,61,384.6911135883993,57197,42571,27.5,1151,0.07509135094497964,0.24366111190920844,0.10906506428894489,0.6758099352051836,0.3081630155427732,0.5985978285574418,0.6168377980458517,0.06840049193373363
76011,DFW,20,52.7914043048122,22529,50200,30.8,1199,0.08997292378711882,0.1924935639763335,0.2556540140193096,0.8018803251395554,0.41315637622619733,0.37644813351680056,0.40453957764688986,0.054642749472414834
76012,DFW,44,53.21676830941108,27769,80972,41.1,1222,0.19989916813713132,0.1550925925925926,0.4055354371443352,0.37465025181869055,0.6067197234326047,0.3076452158882207,0.3120510469203729,0.021316745876432765
76013,DFW,40,40.9610111025863,35535,64585,31.5,1222,0.1419727029689039,0.16653134866937302,0.40091664019603396,0.5,0.648853243281272,0.16929787533417756,0.19982799015391917,0.05862068965517241
76014,DFW,45,92.99474045602385,32805,60894,31.8,1401,0.10217954580094497,0.15786082474226804,0.17097823367525644,0.5230654065687284,0.2978509373571102,0.4180460295686633,0.5075191681200435,0.058148615366132035
76015,DFW,24,32.503758897476764,17474,69805,32.1,1443,0.12395559116401511,0.12837096494773922,0.2931262684196594,0.5344447939603649,0.5031475334783106,0.2720041204074625,0.28497313322216045,0.05534825870646766
76016,DFW,61,27.71811725557919,31079,103605,42,1749,0.17851282216287526,0.0555249603161748,0.40505270979426927,0.17279647803356873,0.6875703851475272,0.15724444158434955,0.15248047073145987,0.06124325649828347
76017,DFW,67,45.403635367808,46361,89930,38,1431,0.1425767347555057,0.0820432425370697,0.3397194000967586,0.3273356401384083,0.5790211600267466,0.17396087228489462,0.20195821865270946,0.051558392790086366
76018,DFW,38,57.70193585517397,27827,83815,31,1744,0.07586157329212635,0.07564807823679574,0.25990158425348053,0.22943880019351717,0.40593668020268087,0.31641930499155496,0.4244407654102337,0.04974442089515023
76020,DFW,35,10.67441894651445,32937,87923,40,1114,0.1477669490238941,0.09742978515326549,0.206081820170641,0.19708209693372897,0.8665634392931961,0.16859458967119045,0.10630795350659528,0.03639586410635155
76021,DFW,13,24.64538047611666,34858,84539,38.9,1307,0.1627746858683803,0.07487929688629333,0.432461398007383,0.4600636813224036,0.7060359171495783,0.15448390613345572,0.16621687929342488,0.04850192821121329
76022,DFW,16,19.073754905627524,14632,70286,37.1,1429,0.15677966101694915,0.049523544550323435,0.2576208559991789,0.4790681380276756,0.5792782941498087,0.23393931109896118,0.22691846522781778,0.032114183764495985
76023,DFW,3,2.159171643901045,7227,83750,40.9,1048,0.1445966514459665,0.10446935104469351,0.18544506816359263,0.1288639100762746,0.9298464092984641,0.08717310087173101,0.06682195370505173,0.01780264496439471
76028,DFW,96,97.45777502301121,76343,93314,37.5,1558,0.13946268813119736,0.06713590317063545,0.28613487169285856,0.2434034416826004,0.7966545721284204,0.19802732405066606,0.1269579093237777,0.03401745937733371
76031,DFW,21,11.10720174291352,18108,68203,37.3,1157,0.1340291583830351,0.15204545454545454,0.15078407720144751,0.2191874359849778,0.8581842279655401,0.27407775568809367,0.21206977288691176,0.05196247840039497
76034,DFW,5,15.497274706479192,25793,196034,47.2,2785,0.1909432791842748,0.033460135082679913,0.6713665943600867,0.04097560975609756,0.7975419687512115,0.08079711549645252,0.09767235108704442,0.03751814778023993
76036,DFW,79,52.96430188323687,30489,89393,34.6,1526,0.13650824887664403,0.05988102671968975,0.27954010974653776,0.2558467741935484,0.578175735511168,0.2888254780412608,0.19958180867747,0.05217447663490829
76039,DFW,30,43.88767304460275,41045,80176,34.3,1622,0.10076745035936167,0.08501915615315161,0.40994652406417115,0.6328403577482902,0.5216956998416372,0.17220124253867705,0.25425167880206856,0.05333178636346057
76040,DFW,30,22.321372403370667,30708,65698,33.6,1129,0.09482870913117103,0.09459371118519971,0.29940210018590163,0.5863222927750129,0.4481242672919109,0.2238830272241761,0.4190067095033547,0.04316003485332559
76041,DFW,3,2.4310702197359975,772,154427,35.9,991,0.16062176165803108,0,0.14102564102564102,0,0.9430051813471503,0.5401554404145078,0.4831606217616581,0.019130434782608695
76043,DFW,1,6.737660662546532,7281,75764,43.8,853,0.18555143524241174,0.042511261261261264,0.288058856819468,0.22756777395952654,0.7740694959483587,0.22799066062354073,0.19697611982478447,0.04447814000505433
76044,DFW,15,6.07380857537893,7644,88795,36.5,1190,0.1476975405546834,0.0619109947643979,0.21186955641077576,0.10061680801850424,0.8300627943485086,0.1944008372579801,0.13948528366273283,0.035356068204613844
76048,DFW,26,13.647765828091858,27005,61728,45.8,1165,0.24469542677281986,0.12401770046540017,0.26220464244821484,0.2818477084085168,0.8603591927420848,0.15948898352157007,0.13130128956623677,0.050872942945451506
76049,DFW,13,9.527804478713955,29301,96674,51.6,1432,0.2925838708576499,0.049725265349305485,0.34750576957216406,0.11376842105263157,0.9191153885532917,0.11030340261424525,0.07472535311742046,0.07203770197486535
76051,DFW,18,47.46066089857392,50303,106726,39.8,1750,0.12947537920203567,0.05773307203135624,0.5240140570089808,0.4727666792310592,0.7281673061248832,0.19714529948512016,0.22642301156032985,0.05044726111831084
76052,DFW,46,21.56340392694198,27171,135348,34.9,1837,0.07305583158514593,0.03728239667292334,0.45961130539471423,0.1153104074452389,0.7251849398255493,0.168120422509293,0.1343979761245948,0.024334100624794474
76053,DFW,23,39.42848549508641,31396,59985,35.7,1245,0.13734233660338896,0.12401858676494151,0.2851831656174094,0.4713856713856714,0.6320550388584533,0.2881577270989935,0.31465635268346115,0.03239567233384853
76054,DFW,4,12.971969678270044,11886,104748,43.9,1490,0.207218576476527,0.04180201743887844,0.4840969112412447,0.17167381974248927,0.7660272589601211,0.1315833753996298,0.1053096563300645,0.030203349282296652
76055,DFW,6,12.80076244320736,3566,68466,37.5,859,0.16993830622546272,0.13913798090830198,0.12095400340715502,0.1718875502008032,0.7434099831744251,0.3039820527201346,0.13920625375826823,0.02014218009478673
76058,DFW,34,11.315217189972454,21082,66777,34.4,1206,0.12062422920026562,0.14279602604934163,0.1547374037655309,0.26951856557955667,0.8698890048382506,0.22028270562565222,0.1523363554847066,0.033320566832631175
76059,DFW,3,10.547114146920222,5224,49703,30.2,953,0.13935681470137826,0.15212289310859825,0.21225607668606641,0.6022392457277549,0.8344180704441041,0.35011485451761104,0.29254341164453523,0.03858520900321544
76060,DFW,23,4.408371552227509,8552,112931,42.8,1181,0.17060336763330214,0.06776470588235294,0.2751141552511416,0.2605160834217038,0.6779700654817586,0.1818288119738073,0.20120674793744608,0.046804123711340205
76063,DFW,123,137.4267066849914,80101,110303,37.8,1619,0.11605348247837105,0.06628194973534995,0.3817749946015979,0.2444513305186505,0.613825045879577,0.17386799166052858,0.18356824100611158,0.036429700587499704
76064,DFW,8,9.559666071723713,1952,78523,47.2,1537,0.2033811475409836,0.06504904491481672,0.27045769764216365,0.3666191155492154,0.7223360655737705,0.32223360655737704,0.30910070005385026,0.06742640075973409
76065,DFW,184,28.92330315754636,42415,121063,36.4,1522,0.1204526700459743,0.053947897688285264,0.3618508655126498,0.1581650852536206,0.7743251208298951,0.18267122480254627,0.09902511524800361,0.029176553299938485
76066,DFW,0,4.51214629294973,4923,98145,37.6,584,0.16961202518789356,0.12675483214649033,0.33516483516483514,0.19919786096256684,0.7810278285598212,0.19601868779199674,0.1328800988875154,0.08851422550052687
76071,DFW,6,2.886615519684817,4610,94318,32.2,1132,0.06811279826464209,0.20122217372326495,0.16883116883116883,0.19764216366158113,0.8329718004338394,0.1859002169197397,0.138347260909935,0.1164065795023197
76077,DFW,0,2.6409268015325824,748,98776.5,26.1,1279.5,0.06818181818181818,0.43716577540106955,0.2519893899204244,0,0.9064171122994652,0.029411764705882353,0.19574468085106378,0
76078,DFW,5,11.062557792701291,9696,89794,35,1440,0.12004950495049505,0.08851575456053068,0.1951850056551947,0.1759465478841871,0.7772277227722773,0.24432755775577558,0.14263427679964347,0.036688051323175624
76082,DFW,15,6.667845259409878,23489,84506,37.6,1134,0.14951679509557667,0.11278901117652078,0.14972215205860065,0.1589334727486603,0.8785388905445102,0.14862275958959512,0.08047073791348602,0.05067623977291701
76084,DFW,46,17.83536622169264,12058,85748,33.5,1605,0.09744567921711726,0.11399292645325111,0.16244698624855416,0.08190032060623725,0.662133023718693,0.25153425111958866,0.2069657184536834,0.03838529464768427
76085,DFW,19,5.068190613901584,11695,91128,43.6,1646,0.19880290722530997,0.08952413557001027,0.18129411764705883,0.13771517996870108,0.8814023086789227,0.10534416417272338,0.0584456143481753,0.027049452373050117
76086,DFW,5,10.814770161303178,21979,65707,35.4,1310,0.1709813913280859,0.11975959406867333,0.22173729410108406,0.46764810637540066,0.8267437099049092,0.16306474361890896,0.1249394438523399,0.0429540989462404
76087,DFW,21,16.74120437825647,31831,101606,41.1,1515,0.1699286858722629,0.08262792166771953,0.3822060826146164,0.10826332933310474,0.877258018912381,0.1312871100499513,0.0937103134817191,0.03896600025467974
76092,DFW,5,6.394965290889135,31212,250001,42.2,2518,0.13116749967961042,0.01989458121745838,0.7069290776525774,0.049305481921323294,0.7575291554530309,0.08836344995514546,0.19544470014891024,0.025114831826937325
76093,DFW,2,1.712700982700579,3485,52832,42.9,1133,0.13113342898134864,0.10258620689655172,0.12888520513883134,0.22537431048069345,0.9314203730272597,0.157532281205165,0.13015968665260624,0.14919354838709678
76102,DFW,20,15.210511415868304,11645,81074,36.8,1579,0.1103477887505367,0.1797799174690509,0.3232497839239412,0.7622588891471067,0.6431945040790039,0.23057106054100474,0.18836300477637868,0.028299894403379093
76103,DFW,143,118.86664659860375,17285,56641,30.8,1062,0.10199595024587793,0.20158497211623128,0.19329771733851384,0.37054545454545457,0.38409025166329186,0.5560312409603703,0.4552634904587388,0.10041794984601848
76104,DFW,260,99.87847286396335,18914,46098,32.4,1253,0.11932959712382363,0.3191362701591081,0.18969019807008633,0.606959111833198,0.38220365866553874,0.45965951147298295,0.4480917317744927,0.0608600583090379
76105,DFW,339,183.8873037854711,23252,44193,29.8,1070,0.1047221744366076,0.24330715688024274,0.049590571669090075,0.48040786598689,0.18574746258386376,0.5781868226389127,0.5260822357550866,0.0877742946708464
76106,DFW,288,409.3139644724193,37777,51972,30.3,1123,0.08754003758900919,0.24184818833817687,0.06670859350433493,0.5132235990382837,0.31775948328347936,0.7962252164015141,0.712987829266899,0.06991605740590306
76107,DFW,131,45.52772837393967,29629,77277,37.6,1395,0.16855108171048636,0.10540632437946276,0.5158466511043275,0.5404765038831117,0.7046812244760201,0.21887340105977252,0.1949808320318046,0.029127867363161482
76108,DFW,287,67.05615716984994,44930,73183,36.4,1362,0.14032940129089694,0.08578701930658496,0.25766625513030134,0.296551724137931,0.6858891609169819,0.28887157801023816,0.203523256372102,0.04197419062712248
76109,DFW,31,26.888430578238253,25658,99102,31.9,1582,0.14646504014342504,0.11927554980595084,0.6699475904384508,0.48036039684146586,0.8004131265102502,0.10277496297451087,0.14042988741044016,0.036150825987110155
76110,DFW,319,225.4615040218337,33640,59933,32.8,1201,0.09515457788347206,0.19544032185963345,0.2706928564448353,0.3787690670450514,0.576872770511296,0.639268727705113,0.545704072513724,0.036902190681888304
76111,DFW,176,118.67223463354581,21366,54884,34.9,1162,0.0861181316109707,0.1315431200413126,0.13449518346937275,0.44350319301446633,0.5323411026865112,0.6935317794626977,0.5619514586908556,0.049866190900981266
76112,DFW,295,144.6713927172035,44116,53335,32.7,1132,0.11193217880134192,0.20021359752772222,0.2049649449134354,0.5069253696452575,0.2959923837156587,0.3131516909964639,0.3014826614385492,0.07374203471764447
76114,DFW,188,81.68888732046815,27297,63454,34.7,1153,0.12298054731289153,0.17047086388028115,0.14099290780141843,0.4512714063310846,0.6424149173901894,0.5905410851009268,0.45348145209283874,0.04378191649143887
76115,DFW,230,200.62825819625058,21355,45311,28,1103,0.07581362678529618,0.25664302600472816,0.16216443659008667,0.5381955877510701,0.39995317255911966,0.7124795129946149,0.66852438899683,0.06179837723685673
76116,DFW,681,96.50945129726026,49232,50982,34.3,1143,0.141249593760156,0.2297547146554912,0.31385836385836385,0.6683972911963882,0.6297326941826454,0.27045417614559636,0.2027911130959027,0.05574264094132562
76117,DFW,48,66.39501522534431,32692,49782,34.7,1133,0.13104123332925485,0.1451260426605928,0.10187070802746863,0.47983560236321604,0.5245625841184388,0.4616114034014438,0.45314193739119013,0.032854465958775766
76118,DFW,21,13.596318637393818,16822,89394,38.2,1370,0.12626322672690524,0.08355373887953835,0.2840764331210191,0.2995383826295093,0.6817263107834978,0.21638330757341576,0.20176946088727643,0.036471321695760596
76119,DFW,636,332.3999738197723,51401,44605,32.1,1151,0.11554249917316783,0.22987855396366721,0.07947643638961967,0.46126308679500166,0.2562401509698255,0.4923834166650454,0.4440538957234915,0.08436071478044051
76120,DFW,35,38.40136217556997,19842,70129,34.4,1294,0.08663441185364379,0.12636363636363637,0.31643995336183445,0.5209427436915589,0.3404394718274367,0.2145449047475053,0.2713216683173765,0.03614149008885851
76123,DFW,127,138.7717786812936,40973,91180,33.6,2028,0.09625851170282869,0.08650705954573358,0.3090966694388341,0.2213352117085388,0.3691455348644229,0.2654430966734191,0.2532742031691694,0.08168138403315912
76126,DFW,234,29.773915165518158,25480,106467,38.7,1544,0.16122448979591836,0.037197743678750346,0.4495466170657986,0.17349055573752592,0.7781789638932496,0.21079277864992152,0.10465700644945142,0.035990924027853845
76127,DFW,0,0.7242628950986025,1657,103971,35.6,1794,0.016898008449004225,0,0.04378980891719745,1,0.8141219070609536,0.29511164755582375,0.25890162945081474,0
76129,DFW,1,4.999321952993783,1724,102529,19.7,1721.5,0,0.019730195519106198,0.7307692307692307,0.6214544805851222,0.6664733178654292,0.10904872389791183,0.20475638051044087,0.3119266055045872
76131,DFW,85,82.44164140380893,50572,101087,33.4,1649,0.08662896464446729,0.039460391038212396,0.3753850941341217,0.2429089611702444,0.5553666060270506,0.2613699280234122,0.30284001400315075,0.034164495720133976
76132,DFW,39,31.442639884048333,26709,68284,35.8,1271,0.1870530532779213,0.12609915100060642,0.465064433690392,0.6795646916565901,0.6177318506870343,0.1845070949867086,0.24223852915087496,0.032420154185022025
76133,DFW,495,203.8853969091257,54241,69506,33.7,1348,0.1374974650172379,0.1360611243307555,0.2778563797534144,0.39530997023032327,0.5373057281392305,0.3786618978263675,0.28980059499879396,0.04632008463049721
76134,DFW,77,92.03280696997575,29211,65516,32.3,1289,0.1164287425969669,0.11058006395488773,0.1956210015442312,0.38044675949113493,0.4055321625415083,0.4307281503543186,0.3583422125877209,0.10139075818752805
76135,DFW,40,14.932546011601074,18648,69525,39.6,1156,0.16436078936078935,0.09839193240665031,0.22439138212646806,0.3513723459347488,0.7700557700557701,0.2875911625911626,0.209531914893617,0.0679669618867549
76137,DFW,71,87.05485746329323,58970,86733,34.1,1519,0.08631507546209938,0.0626449324785159,0.30820714248798387,0.4072115603774445,0.5669323384771918,0.24910971680515517,0.261019659144591,0.03720318884475812
76140,DFW,223,86.13813661265917,31882,70933,32.7,1393,0.10046421178094223,0.10736283521273572,0.15349536197336375,0.3338632750397456,0.3903770152437112,0.38648767329527633,0.32360822670328937,0.07334360554699537
76148,DFW,27,31.58404017120467,24080,88121,37.6,1758,0.1404485049833887,0.09320404580790771,0.23346632813444565,0.20418783298228224,0.6977574750830565,0.2880813953488372,0.21195079086115998,0.05419516140892713
76155,DFW,4,20.00229080950035,6295,59653,31,1320,0.007148530579825258,0.10389197776012708,0.4426264343391415,0.9939253688168933,0.3388403494837172,0.24972200158856236,0.41649966599866395,0.004947300494730049
76164,DFW,63,298.74383541575327,13853,52691,35.2,1040,0.11593156716956615,0.24790159189580319,0.0493854748603352,0.4151967435549525,0.3763083808561322,0.9243485165668086,0.7494875882486904,0.056433742059388385
76179,DFW,99,203.27790857587982,74074,106288,34.4,1754,0.08151308151308151,0.06588654973921033,0.3004828657122801,0.21673127933074882,0.6764451764451764,0.3095283095283095,0.17791347699750726,0.035520171476689885
76180,DFW,49,30.622335689284633,37271,76416,37.2,1427,0.16981030828257895,0.07140703379841562,0.3188275349274058,0.49909656695442683,0.6931930991924016,0.22620804378739504,0.2406627272470242,0.036935315844303436
76182,DFW,25,19.25440642192241,30509,110669,42.6,1688,0.1655904814972631,0.04813608396670286,0.40228211870773856,0.15197298258087452,0.8039922645776656,0.1559212035792717,0.13380800392830838,0.024400606980273142
76201,DFW,7,40.86384670615933,28345,37703,23.7,1076,0.06823072852354913,0.3043875288081054,0.4164174405792539,0.8081483462601409,0.6754630446286823,0.17823249250308695,0.19036317871269326,0.06798756798756798
76207,DFW,8,25.475397441060974,16685,88152,39.9,1522,0.273419238837279,0.09292917094378358,0.40233652714741974,0.3470659775007601,0.7351513335331136,0.22247527719508542,0.1793012936691457,0.03639893229798592
76208,DFW,7,29.98214743591953,27364,100314,34.1,1446,0.10554012571261512,0.07644385810612724,0.32548524175950383,0.32628687447748717,0.6803829849437216,0.2979096623300687,0.23637937138586207,0.03561842582517229
76209,DFW,6,42.38436029959415,27538,69090,30.9,1290,0.11071973273295083,0.16744607029717906,0.3355744279311158,0.5355490510811066,0.6928244607451521,0.3043794030067543,0.24182444061962138,0.045020201372410695
76210,DFW,10,45.55087288461977,44990,102036,38.4,1636,0.1300288953100689,0.07944514501891552,0.40106289328681816,0.2646748245232623,0.7080462324961102,0.1927983996443654,0.18427118012711563,0.0303232125367287
76226,DFW,8,31.530078457609306,37413,165428,40.3,2863,0.11324940528693235,0.030397818415142764,0.6396967387380159,0.06955906625795803,0.836447224226873,0.09226739368668645,0.12122338144919254,0.029517522674824236
76227,DFW,47,58.78952257061026,49155,106113,35.5,1877,0.0992981385413488,0.07691523003162297,0.4182081191714629,0.22967411856300746,0.680297019631777,0.1577255619977622,0.14964360127206933,0.04557408941888533
76244,DFW,92,100.05623183462835,75185,116568,34.7,1851,0.07054598656646938,0.05249936530418632,0.41935483870967744,0.27333747669359854,0.68983174835406,0.18301522910154952,0.2108605179983697,0.04296749672992917
76247,DFW,22,13.112658615668469,16870,107405,37,1889,0.1042679312388856,0.02777445944331621,0.2888307941945371,0.17032870451748988,0.7581505631298162,0.16852400711321874,0.07099404201944182,0.054179733967773334
76248,DFW,8,13.78310897685752,40130,161383,43.2,1855,0.151133815100922,0.0326937102331313,0.5826892199693813,0.18812434509256026,0.8404933964615001,0.1024919013207077,0.1363433404249731,0.028702585165498912
76249,DFW,7,5.6696468665454836,9572,103375,36.2,1434,0.13058921855411618,0.06602590890096113,0.3388310648518815,0.18918053777208707,0.8288758880066862,0.12975344755536983,0.1295462037138776,0.031052435849758274
76258,DFW,3,8.504425756924578,7559,81552,43.7,1200,0.19592538695594655,0.08269256711183057,0.31754284613903333,0.2826943747760659,0.7805265246725758,0.25267892578383383,0.25220680958385877,0.04985791785068458
76262,DFW,16,28.09395741230487,42072,130524,37.3,1605,0.10403593839132914,0.043592249207521985,0.5403787548976926,0.25842922130050844,0.7352633580528618,0.15143088039551245,0.15923811474360616,0.042299396980500906
78002,SanAntonio,1,29.2330048401793,8047,64792,30.9,1193,0.11507394059898099,0.15216846327400352,0.09864687909209952,0.25230511316010057,0.5343606312911644,0.8096184913632409,0.5541067347761797,0.047237331806470086
78006,SanAntonio,0,6.454612594912191,41236,107803,42.5,1487,0.19579978659423805,0.05716112846496298,0.4786691802820835,0.2609689213893967,0.8253952856727131,0.24025123678339316,0.1440128214912615,0.045151591079929845
78015,SanAntonio,0,4.02157149421164,21583,146838,37.7,1485,0.14321456702034008,0.047444748181439095,0.6210817903484473,0.06720430107526881,0.7758884307093545,0.23893805309734514,0.12771178953568274,0.039289761994710994
78023,SanAntonio,5,18.559175563418528,28195,129145,43.5,1561,0.16559673701010819,0.03577524893314367,0.5294602814578071,0.10696699842849659,0.680936336229828,0.4571732576697996,0.23058479751245642,0.03721769343846051
78052,SanAntonio,0,6.702682777674362,6339,69583,37.7,1022,0.1408739548824736,0.13519588953114964,0.13571260859356657,0.18308406395048996,0.7539044013251301,0.6658778987221959,0.42398790525785324,0.08719086873811034
78056,SanAntonio,0,0.7972161334920724,2096,115885,42.4,964.5,0.17223282442748092,0.008587786259541985,0.4547854785478548,0.09196891191709844,0.7848282442748091,0.20801526717557253,0.053400503778337494,0.0027906976744186047
78069,SanAntonio,1,16.508596904022347,7124,73355,32.5,895,0.12142055025266704,0.130831928049466,0.08912160718102159,0.1120527306967985,0.6603032004491859,0.8432060640089837,0.5937547370016674,0.04713804713804714
78101,SanAntonio,0,3.4176975444243585,8863,83052,40.9,803,0.18989055624506374,0.13686110797698298,0.22503373819163291,0.10650329877474081,0.6715559065779082,0.4095678664109218,0.2823275862068966,0.027201723673579314
78108,SanAntonio,0,21.290951659877187,46463,111863,35.5,1925,0.11090545164969975,0.039719827586206895,0.35917521427567795,0.15637052574599095,0.5864451283817231,0.30566257021716203,0.15588451975320006,0.05752698006219133
78109,SanAntonio,10,66.70140686716246,52507,81152,33.2,1471,0.09905345953872817,0.11237117351825601,0.304031459004211,0.2473299606520517,0.49332469956386765,0.4811168034738225,0.30783766020374626,0.04520371910197294
78112,SanAntonio,1,27.81055027335843,10234,55481,37.4,1167,0.11833105335157319,0.15021627998427053,0.08582923558337059,0.10867685211876621,0.5516904436193082,0.7420363494234903,0.4292729796092666,0.09463931171409662
78114,SanAntonio,0,9.993863106947964,23351,83511,40.8,1051,0.17635219048434755,0.07531307470006131,0.22939484794713333,0.16668687113589525,0.7396685366793714,0.5046464819493812,0.24920213961433002,0.03363471971066908
78124,SanAntonio,0,3.209722361192382,7250,78571,42.5,1119,0.1609655172413793,0.06312154696132596,0.17649348122202763,0.1391065830721003,0.6561379310344828,0.38510344827586207,0.20223271790468011,0.0350132625994695
78130,SanAntonio,0,70.16667566972296,91275,82896,35.1,1420,0.13183237469186523,0.06357198185238463,0.33855603731441336,0.35376803694885106,0.7757217200766913,0.3810353327855382,0.22499618889032214,0.03737358933020665
78132,SanAntonio,0,4.888078102154732,37386,119561,43.3,1349,0.18811854704969774,0.03257023375509329,0.48618143867651037,0.15259074941451992,0.8125234044829616,0.22668913497030974,0.12185463940687491,0.026896241278415486
78148,SanAntonio,3,8.502127535495399,22236,71368,34.9,1184,0.11944594351502069,0.12796917497733454,0.310929037633662,0.49182299182299183,0.6355459615038676,0.3845116028062601,0.21618265189147878,0.04844083724903887
78150,SanAntonio,0,10.925762803648453,0,54796.5,32.8,800.5,0.1454641777876611,0.20602280404917683,0.2603895723500216,0.47087720235868386,0.6541423274856022,0.5700824345689592,0.28605742764065467,0.0314984390029765
78152,SanAntonio,0,1.232849605221273,2969,113205,41.3,1696,0.1852475581003705,0.06351351351351352,0.34922178988326846,0.0951035781544256,0.81003704951162,0.21690804984843381,0.08033141210374639,0.014465408805031447
78154,SanAntonio,1,16.309786992861312,40535,95422,37.5,1596,0.12754409769335143,0.06854047068764134,0.38001151659108906,0.2930727023319616,0.596250154187739,0.32431232268410015,0.19920172259860303,0.05306397306397306
78201,SanAntonio,295,143.50784331325136,45355,40356,37.7,983,0.15727042222467202,0.27154274968097253,0.16321594427244582,0.5218161421739387,0.5339874324771249,0.8302943446147062,0.5506737236230845,0.05896323361498059
78202,SanAntonio,173,29.094167659647784,9695,39759,39,1066,0.12429087158329036,0.2485946283572767,0.22856739988719685,0.49988571428571427,0.44311500773594636,0.6394017534811759,0.3932075471698113,0.10608800482218204
78203,SanAntonio,79,36.345797689683565,5174,32500,36.5,877,0.10204870506378044,0.3335940555338287,0.10020509815411661,0.5095147478591817,0.5083107846926942,0.8194820255121763,0.49752883031301487,0.08728577122359506
78204,SanAntonio,66,69.07475833062402,11969,47620,34,1327,0.13184058818614755,0.19395973154362417,0.20984674791842645,0.5521496815286624,0.5200100259002423,0.8433453087141783,0.5158609596997588,0.05155155155155155
78205,SanAntonio,5,24.181534713470743,1741,36746,44,1259,0.24411257897759908,0.21539345203905802,0.3718887262079063,0.9213938411669368,0.7156806433084434,0.6835152211372775,0.3214909726266745,0.050100200400801605
78207,SanAntonio,317,167.46363357927788,51381,28500,32.7,808,0.12327514061618108,0.4248985115020298,0.055141533066132266,0.5630741519063345,0.5321033066697807,0.8924505167279734,0.617085469544486,0.11932601480725044
78208,SanAntonio,24,32.01561970961169,4186,23864,33.9,890,0.17271858576206403,0.3902737047898338,0.123378899404136,0.6634408602150538,0.47706641184902054,0.6624462494027712,0.3263543574980372,0.10394060536836093
78209,SanAntonio,87,18.18085384200638,43184,79914,36.9,1301,0.15387643571693219,0.07974458687406981,0.5693254453964368,0.517102101334424,0.7540292701000371,0.32546776583919973,0.22580017037848366,0.025093209333500902
78210,SanAntonio,321,108.91186867636172,33413,50169,35.2,1045,0.14213030856253553,0.25185252123621904,0.13997443389335282,0.4191432840777021,0.5566097028102834,0.8368299763565079,0.47002733663108565,0.06733487535337959
78211,SanAntonio,171,99.71338085383695,31433,50183,36.2,990,0.13873954124646073,0.2634247448979592,0.06785004122411369,0.3500973061558947,0.5225718194254446,0.9359908376546942,0.6481544422540956,0.06404336478618751
78212,SanAntonio,95,32.483688016774295,26911,58029,38.1,1046,0.16658615436067037,0.1533897601858767,0.3459048235674976,0.5410734812980812,0.596893463639404,0.6160677789751403,0.39476549739441547,0.06312797461660496
78213,SanAntonio,295,95.78926505526343,42321,51118,35.3,1101,0.12005859974953333,0.20546513009385767,0.2286149052570559,0.5331359874343019,0.5333286075470807,0.7401290139646983,0.4842530693169975,0.04484162895927602
78214,SanAntonio,170,59.13961299442822,22914,38591,36.7,891,0.16618661080562103,0.25208232338812747,0.07700205338809035,0.41066966516741626,0.5998952605394082,0.8729161211486427,0.5562563299880305,0.06624773671317499
78215,SanAntonio,31,4.496798963030509,3231,77725,32.7,1707,0.12225317239244816,0.11473880597014925,0.6224869694713329,0.955595831445401,0.7443515939337666,0.33488084184463013,0.23239436619718312,0.04292832502874665
78216,SanAntonio,143,65.35592085055575,42379,54394,35.1,1134,0.1299464357346799,0.17034752698375044,0.3193240013656538,0.6626308229017033,0.565067604237948,0.6027513627032256,0.33775333383560613,0.040516545601291365
78217,SanAntonio,232,28.32262242735924,32152,53795,35.6,1132,0.15666210500124408,0.14115593241473906,0.2605785643697781,0.5557749259624877,0.5608360288629012,0.5297337646180642,0.3196306519453207,0.05708543805333768
78218,SanAntonio,282,28.849025271129882,37122,52151,36.1,1132,0.1455740531221378,0.20191992123400065,0.16886710411890268,0.5234447045470667,0.4799849146058941,0.5283120521523624,0.39811062192028457,0.05061587827347065
78219,SanAntonio,43,18.824718897410065,16442,49534,33.2,1057,0.15186716944410655,0.22665690223361407,0.11267467995700185,0.4387189121488638,0.3910716457851843,0.5252402384138183,0.36417548352314844,0.07435387673956262
78220,SanAntonio,145,29.57783226003597,16919,39694,34.8,1137,0.14468940244695314,0.3599301457304589,0.08897652943439785,0.45092531394580304,0.4091258348602163,0.5730835155742066,0.371330971659919,0.09477224090492205
78221,SanAntonio,274,105.26119110735037,40272,57209,35,1043,0.13346742153357172,0.18297331639135958,0.10234219928543073,0.3214313138293788,0.5995729042510926,0.888334326579261,0.5519853292935736,0.05965616635783405
78222,SanAntonio,143,41.611673255137525,24866,66836,34.9,1235,0.1282474060966782,0.15121711335136465,0.1676722577531073,0.3073962717979555,0.5106169066194804,0.6631545081637578,0.38209293210817397,0.04914150384843102
78223,SanAntonio,471,177.0033406096712,55063,45687,34.9,1000,0.11497738953562284,0.2519935910421923,0.09823374881225197,0.4378600410759906,0.554546610246445,0.782013330185424,0.4096905222437137,0.05024923621160959
78224,SanAntonio,114,58.585831266572995,20965,53841,31,1106,0.11190078702599571,0.17716691431401685,0.11807440523710681,0.465212084223375,0.6136894824707846,0.9055091819699499,0.5582768083674209,0.06026916325336454
78225,SanAntonio,81,59.17436739983229,13802,43883,37.7,983,0.16019417475728157,0.23002207505518762,0.12089848051090069,0.3191899710703954,0.5437617736559919,0.930589769598609,0.6622257053291536,0.07543833799911595
78226,SanAntonio,52,37.77253118591336,7357,30669,33.1,887,0.12953649585428842,0.30707373585934306,0.06989368921058584,0.6129310344827587,0.6748674731548185,0.9052602963164333,0.48203681710213775,0.09626345788473717
78227,SanAntonio,250,129.72627255603942,45553,45396,33.4,1036,0.11112330691721731,0.23100096754331956,0.09281108017001319,0.4360294117647059,0.5427523983052708,0.8278488793273769,0.48589341692789967,0.0745064130278138
78228,SanAntonio,339,280.8935671536956,57172,46736,34.9,953,0.1597635206044917,0.24013645537516298,0.12621599340478154,0.42070686494194337,0.5105995942069544,0.8905233331001189,0.5469484007411427,0.0746291481877963
78229,SanAntonio,104,26.285129108840835,34082,44574,29.8,1172,0.10812158910862038,0.23119134007016703,0.30063553467808785,0.8534044248329963,0.48086966727304736,0.4889384425796608,0.4204659949622166,0.04190337207484234
78230,SanAntonio,72,53.55062981494571,42387,69171,38.2,1214,0.17814424233845283,0.09341257813979921,0.4715233986060405,0.510487676979549,0.5905584259324793,0.5267416896690023,0.3400161804115892,0.04929490095529548
78231,SanAntonio,14,7.009545652267489,9972,106719,38.7,1267,0.17639390292819895,0.04332129963898917,0.5483778351995406,0.33059701492537313,0.679703168872844,0.40814279983955076,0.25406693606880115,0.04248073131385553
78232,SanAntonio,108,17.05870678754247,36169,85029,38.5,1353,0.17445879067709918,0.10850963012514982,0.4699551213312681,0.42920588625215433,0.7444496668417706,0.3563272415604523,0.1579924008129363,0.037448622316943216
78233,SanAntonio,160,39.52944611873294,47172,68157,34.6,1391,0.1282328499957602,0.1288539910811445,0.21869031819506038,0.3965040380573072,0.5750445179343678,0.49934283049266515,0.30294533351570696,0.04513734823121294
78234,SanAntonio,8,2.2857345595150096,5534,85903,20.9,2110,0.005240332490061439,0.08359133126934984,0.48897599216070553,0.9979317476732161,0.6452837007589447,0.18413444163353812,0.1564678543764524,0.009267563527653214
78235,SanAntonio,9,31.988054946543663,2548,60202,27.4,1388,0.025510204081632654,0.14246467817896388,0.2980089916506101,1,0.6134222919937206,0.7343014128728415,0.22802653399668327,0.019987886129618413
78236,SanAntonio,0,0.8755442518024266,8154,73750,21.3,1832,0.0023301447142506744,0.06938775510204082,0.3487394957983193,0.9747899159663865,0.6767230806965906,0.14716703458425312,0.1193540247287409,0.015935672514619883
78237,SanAntonio,269,130.77528149037616,38492,38447,34.1,939,0.12581835186532267,0.2860157898850934,0.054943689963564094,0.38038046106722556,0.5224202431674114,0.952197859295438,0.6835886457783091,0.0886771497047992
78238,SanAntonio,57,51.47270534726604,25900,54287,34.7,1113,0.1461003861003861,0.13154117692695605,0.17960743442765328,0.5246010638297872,0.47976833976833977,0.7203474903474903,0.4201663287682569,0.06260844418739156
78239,SanAntonio,61,32.47332987166982,30482,71721,36,1357,0.16324388163506331,0.1328483157265298,0.2621488417939872,0.2745294353223869,0.5307066465455023,0.5161406731841742,0.3227380454482086,0.05409637696633212
78240,SanAntonio,186,68.17390929027829,57532,61241,31.9,1252,0.13029270666759368,0.15074369703576074,0.36392697683020264,0.656971319621922,0.5288708892442466,0.5061530974066606,0.3785068593138815,0.04715620492882674
78242,SanAntonio,234,100.2748876240877,36404,45589,27.8,1111,0.09531919569278101,0.27774869831124827,0.08583603896103896,0.48203677510608206,0.5373860015382925,0.8885562026150973,0.5908361345810242,0.12136651642824482
78243,SanAntonio,0,0.8345974768438171,299,55278.5,22,1311.5,0,0.1883224666692483,0,0.38857906012820875,0.5117056856187291,0.12040133779264214,0.05351170568561869,0
78244,SanAntonio,95,41.022785175458814,36234,64968,33,1512,0.07882099685378374,0.09889623502724833,0.22934479054779808,0.29512134515033545,0.43031406965833197,0.49635701275045535,0.3584698480531814,0.04287357523789606
78245,SanAntonio,143,345.87140090542385,92770,83005,30.8,1480,0.0833351298911286,0.09493083532584368,0.2334261643283765,0.27746304180215214,0.5584779562358521,0.6318637490568072,0.34427850157116124,0.0523808550223876
78247,SanAntonio,209,38.65889675291887,49888,84283,37.4,1418,0.14314063502245028,0.07716573647173017,0.3616026513582293,0.2463393626184324,0.6383499037844772,0.45279425914047466,0.25941170132528824,0.06139524775427412
78248,SanAntonio,18,3.4138477542402095,13366,125089,42.9,1304,0.20350142151728265,0.022043334336442972,0.5823778535275281,0.3029256769035072,0.7728565015711507,0.32522819093221605,0.1978224321511488,0.024493128316777794
78249,SanAntonio,146,111.01287991221777,60769,78836,28.2,1379,0.09180667774687752,0.15169671169040486,0.4846015269794973,0.4959230701054684,0.5756388948312462,0.5227829979101186,0.36032451694372847,0.053359262613884594
78250,SanAntonio,138,170.84082673376372,59434,80403,34.5,1421,0.11432849883904836,0.09421097046413503,0.3179967739457716,0.2671833571282888,0.5905037520611098,0.6701383046740923,0.34751569506726454,0.04299848965878618
78251,SanAntonio,122,113.05408253475329,62064,74572,31.7,1259,0.0817220933230214,0.08176895892098693,0.30078921235561595,0.48198363820204065,0.575196571281258,0.6492330497550916,0.35030708907318087,0.06988310666516803
78252,SanAntonio,41,38.936652010204526,15624,80270,31.6,1529,0.06624423963133641,0.056451612903225805,0.17827407189734548,0.10272767267927849,0.5483870967741935,0.7211341525857655,0.4121165750852055,0.04084141510722579
78253,SanAntonio,70,88.93693154057921,63735,104951,32.7,1435,0.08976229701106142,0.060395401141850553,0.4094357951114495,0.21791001168679391,0.5473287832431161,0.4904055856279909,0.27364057043573997,0.03957610428584826
78254,SanAntonio,103,197.9283213550914,76945,108322,31.9,1674,0.06678796542985249,0.05212124397261894,0.41250052558550226,0.1776671347716924,0.5952563519396972,0.5578270192994996,0.27134159202441044,0.05083555340276096
78255,SanAntonio,16,6.054553608131748,18149,149188,40.5,1601,0.1510827042812276,0.041627456407417655,0.5712868832134887,0.15771230502599654,0.6550774147335942,0.4015648245082374,0.3320644216691069,0.031284182892146135
78256,SanAntonio,26,24.84048131408501,12195,70177,27,1488,0.06855268552685527,0.2009287668960942,0.5897075365579303,0.7118676302776721,0.5750717507175072,0.4482984829848298,0.28403775831278166,0.05064655172413793
78257,SanAntonio,24,10.41878640231245,9783,74437,37.2,1607,0.14330982316262905,0.09117857507921906,0.5067423704755145,0.6125259385021694,0.6687110293366043,0.482162935704794,0.42791394626993473,0.012323658180638884
78258,SanAntonio,98,28.52413234097525,48344,110635,37.5,1607,0.1298609961939434,0.06703898972638422,0.5720350715274574,0.40746316808258953,0.6559242098295549,0.3889624358762204,0.28087645080811363,0.03236472556113121
78259,SanAntonio,83,9.491955494068412,26568,98399,38.9,1469,0.14329268292682926,0.029944630682888246,0.4873163484289881,0.34553002510137093,0.6232309545317676,0.34375940981632036,0.2636794485135717,0.04261383880852277
78260,SanAntonio,40,13.803387070155916,35972,136602,39.4,1762,0.13591126431669076,0.05518180807294563,0.5477463069736123,0.11487964989059081,0.6584843767374625,0.35516512843322584,0.27193163400618825,0.03904959778381546
78261,SanAntonio,34,11.29054481290988,25729,127813,37.2,1476,0.0808037622915776,0.031209918768704575,0.5261406025824964,0.20084707980383415,0.5657818026351588,0.38699521940223097,0.26187997167964683,0.04586387434554974
78263,SanAntonio,1,4.69343590132965,5642,91224,41.4,1123,0.1685572492024105,0.10804556781772873,0.23740811325891642,0.17357512953367876,0.6444523218716767,0.4326479971641262,0.22616856827383147,0.01998519615099926
78264,SanAntonio,7,43.604355713957624,12545,48870,35.4,1133,0.09796731765643683,0.2569211073771803,0.0973635806253832,0.18239633680997203,0.5412514946193703,0.8122758070944599,0.5425867507886435,0.07804878048780488
78266,SanAntonio,10,11.111378058306627,6913,132024,47.7,2226,0.19340373209894401,0.03251318101933216,0.548713793801904,0.06784888203546646,0.5859973962100391,0.3431216548531752,0.17402557856272838,0.031148986188657066
